組件,常見異常原因,檢查方式,解決方法
太陽能板 (Solar Panels),表面灰塵、鳥糞、葉片遮擋,目視檢查,定期清潔
,模組破裂、玻璃破碎,紅外線熱像儀檢測,更壞損壞模組
,熱斑效應,紅外線熱像儀檢測模組表面溫度分布,更換受損電池片或整片模組
,PID效應,使用 I-V 曲線測試儀檢查模組性能是否下降,安裝防PID裝置、更換受影響模組
,封裝老化 (EVA黃化、玻璃脫層),目視檢查模組表面是否變黃或脫層、使用光學檢測儀測量透光率,更換老化模組、檢查安裝環境，避免長期高溫潮濕
,接線盒進水或鬆脫,目視檢查接線盒是否有水漬或腐蝕、使用絕緣測試儀檢查絕緣電阻,重新密封接線盒，檢查防水膠圈、- 緊固接線端子，必要時更換接線盒
逆變器 (Inverter),無直流輸入,使用萬用電表測量太陽能板輸出電壓、檢查接線是否鬆脫或極性接反,重新固定接線端子，確保正負極正確
,過壓 / 欠壓、過流,使用電壓表/電流表測量輸入端與輸出端、- 查看逆變器顯示螢幕或錯誤代碼,調整保護參數至合理範圍、檢查電壓來源，避免過度波動、若為過流，檢查負載是否超過逆變器額定容量
,散熱不良,目視檢查風扇是否運轉、使用紅外線測溫槍檢查外殼溫度,清理風扇與散熱片灰塵、確保安裝環境通風良好、更換故障風扇
,電容老化,使用示波器檢查輸出波形是否異常、 測量電容容量與ESR（等效串聯電阻）,更換老化電容、定期檢測並預防性維護
,韌體版本過舊,查看逆變器系統資訊，確認韌體版本,更新韌體至最新版本、- 確保與監控系統通訊協定兼容
,接地異常,使用接地電阻測試儀測量接地電阻、檢查接地線是否鬆脫或斷裂,重新固定接地線、確保接地電阻低於標準值（通常 < 4Ω）
,雷擊或突波,檢查逆變器外觀是否有燒焦痕跡、測試輸入/輸出端是否異常,安裝防雷器或浪涌保護器、更換受損元件或整機
配電箱,過載,使用鉗形電流表測量迴路電流，與斷路器額定值比對,重新分配負載，或升級配電容量
,斷路器頻繁跳閘,檢查迴路電流是否超過斷路器額定值，觀察跳閘頻率,更換合適容量斷路器，或降低負載
,接線鬆動或腐蝕,目視檢查端子，測量接觸電阻,緊固端子，清潔或更換腐蝕部件
,母線過熱,使用紅外線測溫槍檢查母線溫度,更換損壞母線，檢查接觸電阻
,絕緣層破損,目視檢查電纜外皮，使用絕緣測試儀檢查絕緣電阻,更換電纜，加裝絕緣保護
,潮濕環境腐蝕,檢查箱體內是否有水漬或鏽蝕,安裝防潮設備，保持乾燥
,標示不清,檢查迴路標示是否缺失或模糊,重新標示迴路，避免誤操作
監控系統,數據無法上傳,測試網路連線，檢查伺服器狀態,重啟路由器或伺服器，恢復網路
,感測器故障,比對感測器數據與實際測量值,更換感測器，重新校正
,App顯示錯誤,檢查App版本與系統相容性,更新或重裝App
,通訊協定不匹配,檢查逆變器與監控系統的通訊協定,更新逆變器韌體或更換兼容設備
,時間同步錯誤,檢查系統時間與伺服器時間是否一致,重新設定時間伺服器
,伺服器當機,嘗試連線雲端平台，確認是否停機,等待平台恢復，或使用本地備份
,感測器漂移,長期比對感測器數據與標準值,定期校正，更換老化感測器
蓄電池,容量不足,進行容量測試，與額定容量比對,均衡充電，必要時更換電池
,單體電壓異常,逐一測量單體電壓，檢查一致性,更換落後單體，保持一致性
,漏液、鼓脹或殼體裂紋,目視檢查外觀，觀察是否有液體滲出或鼓脹,立即更換電池，避免危險
,極板硫化,測量內阻，檢查充電效率,進行脈衝充電，減少硫化
,自放電過快,靜置測試電壓下降速度,檢查內阻，更換異常電池
,溫度過高/過低,使用溫度感測器監測電池環境,安裝溫控系統，保持適宜環境
,過度深度放電,檢查放電深度與BMS設定,調整BMS設定，避免過度放電
,充電器故障,測試充電器輸出電壓與電流,更換故障充電器
,BMS異常,檢查BMS數據是否異常，測試保護功能,更新或更換BMS，確保保護功能正常
,,,
,,,
,,,
,,,
,,,
,,,
,,,
,,,
,,,
,,,
,,,
,,,
,,,
,,,
,,,
,,,
,,,
,,,
,,,
,,,
,,,
,,,
,,,
,,,
,,,
,,,
,,,
,,,
,,,
,,,
,,,
,,,
,,,
,,,
,,,
,,,
,,,
,,,
,,,
,,,
,,,
,,,
,,,
,,,
,,,
,,,
,,,
,,,
,,,
,,,
,,,
,,,
,,,
,,,
,,,
,,,
,,,
,,,
,,,
,,,
,,,
,,,
,,,
,,,
,,,
,,,
,,,
,,,
,,,
,,,
,,,
,,,
,,,
,,,
,,,
,,,
,,,
,,,
,,,
,,,
,,,
,,,
,,,
,,,
,,,
,,,
,,,
,,,
,,,
,,,
,,,
,,,
,,,
,,,
,,,
,,,
,,,
,,,
,,,
,,,
,,,
,,,
,,,
,,,
,,,
,,,
,,,
,,,
,,,
,,,
,,,
,,,
,,,
,,,
,,,
,,,
,,,
,,,
,,,
,,,
,,,
,,,
,,,
,,,
,,,
,,,
,,,
,,,
,,,
,,,
,,,
,,,
,,,
,,,
,,,
,,,
,,,
,,,
,,,
,,,
,,,
,,,
,,,
,,,
,,,
,,,
,,,
,,,
,,,
,,,
,,,
,,,
,,,
,,,
,,,
,,,
,,,
,,,
,,,
,,,
,,,
,,,
,,,
,,,
,,,
,,,
,,,
,,,
,,,
,,,
,,,
,,,
,,,
,,,
,,,
,,,
,,,
,,,
,,,
,,,
,,,
